<?xml version="1.0" encoding="UTF-8"?>
<project-private xmlns="http://www.netbeans.org/ns/project-private/1">
    <editor-bookmarks xmlns="http://www.netbeans.org/ns/editor-bookmarks/2" lastBookmarkId="0"/>
    <open-files xmlns="http://www.netbeans.org/ns/projectui-open-files/2">
        <group>
            <file>file:/C:/Users/chris/OneDrive/Documentos/NetBeansProjects/Projeto_Interface/src/Interface/Professor.java</file>
            <file>file:/C:/Users/chris/OneDrive/Documentos/NetBeansProjects/Projeto_Interface/src/Interface/Aluno.java</file>
            <file>file:/C:/Users/chris/OneDrive/Documentos/NetBeansProjects/Projeto_Interface/src/Interface/T_principal.java</file>
            <file>file:/C:/Users/chris/OneDrive/Documentos/NetBeansProjects/Projeto_Interface/src/Interface/Disciplina.java</file>
            <file>file:/C:/Users/chris/OneDrive/Documentos/NetBeansProjects/Projeto_Interface/src/Interface/Curso.java</file>
        </group>
    </open-files>
</project-private>
